artist_id,artist_latitude,artist_longitude,artist_location,artist_name,song_id,num_songs,title,duration,year
AR73AIO1187B9AD57B,,-122.42005,"San Francisco, CA",Western Addiction,SOQPWCR12A6D4FB2A3,1,A Poor Recipe For Civic Cohesion,118.07302,2005
AR1Y2PT1187FB5B9CE,,-82.32547,Brandon,John Wesley,SOLLHMX12AB01846DC,1,The Emperor Falls,484.62322,0
ARR6LWJ1187FB44C8B,,,"Athens, GA",R.E.M.,SOLJCCO12A6701F987,1,Fall On Me (Live),203.12771,1995
ARBVASN1187B9890CB,,,"Chicago, IL",Lucky Boys Confusion,SOZQOSV12AB018CDFC,1,Do You Miss Me (Killians) (LP Version),169.69098,2001
ARCVOFZ1187FB58074,,,,Arisen Flame,SOUBASN12AC468DB23,1,Income,443.45424,0
ARUUV9X1187B98A4F3,,,,Jessica Andrews,SOYTJFX12A6D4F9639,1,Helplessly_ Hopelessly,240.45669,2001
ARP7AEC1187B98B4B2,,-76.14739,"Syracuse, NY",Tony Trischka,SOQYORG12AC3DF81B4,1,Rainbow Yoshi,148.61016,2008
AR3T4DT1187B9A00AF,,,,Shihad,SOSQXOJ12A8AE46E3A,1,Intro,64.73098,1999
ARVSSMY1187FB54535,,,,Ferraby Lionheart,SOIXSBI12A8C13EBC1,1,The Ballad Of Gus And Sam,209.99791,2006
AROEG4C1187B99DC4A,,,,Gesangla Girls Choir; Zeng Gege,SOAUIQZ12A8C13E7A2,1,Song of Doing Laundry,258.87302,0
AR62BB21187B9AC83D,,-71.08868,Boston,The Breeders,SOEDONK12A8C138DB5,1,Safari,211.90485,1992
ARY12E71187B9B8EC7,,,,Spektrum,SOPMALO12AB01887C8,1,Kinda New (We All Live & Die),492.82567,0
ARVFTA41187B9963CD,,,California - LA,Patrick Park,SONABZR12A58A7F2BA,1,Everyone's in Everyone,183.37914,2007
ARUCKI61187FB5C00D,,,,Rhythm On The Loose,SOZEGYO12A81C20716,1,Break of Dawn,323.16036,1991
AR5AMEV1187FB563FA,,,Philadelphia PA,A Sunny Day In Glasgow,SOIHDHD12AB017C6A3,1,The Best Summer Ever,283.81995,2006
ARLIQ281187FB3DC05,,0.47791,"Chelmsford, Essex, England",Squarepusher,SOQNYLO12AB017CAAD,1,Seb-1.08,320.60036,2009
ARMYDZ21187B9A550C,,,,Orishas,SODBHUI12A8C136ACF,1,Guajira,223.42485,2008
AR9W55Y1187FB4AA37,,,Selkirk,Frightened Rabbit,SOBVVUL12AB0180166,1,The Modern Leper,219.74159,2007
AR8RQVM1187B9A2645,,-0.13449,"Brighton, England",Fujiya & Miyagi,SOBXMTC12AB0181E1C,1,Skinny Punk,187.29751,2002
ARU4FPZ1187B9B78F9,,,,Masta Killa,SOPBQBA12AB018615E,1,Silverbacks feat. Inspectah Deck & GZA,194.19383,0
ARCBD0U1187FB466EF,,,"HERNDON, Virginia",Nelly / Pharrell,SONQWSA12A58A79E91,1,Let It Go Lil Mama,262.03383,2008
ARS56M31187B991A14,,,"Flatwoods, KY",Billy Ray Cyrus,SOPPTJO12AB017F01F,1,Like Nothing Else,264.6722,2009
AR7WFGC1187B9B1CD4,,,"Lynwood, CA",Weird Al Yankovic,SOYDZBU12AF72A827C,1,Close But No Cigar,235.28444,2006
ARDJAPU1187B9B4D48,,,"Stockbridge, GA",Collective Soul,SOZMWSE12AB0183AC0,1,Compliment (LP Version),181.41995,1999
ARTVUER1187FB3905B,,,"New Orleans, LA",Juvenile,SOKTLGM12A6D4FA4FD,1,All About Money (Featuring Skip),280.78975,2002
AR0YHRY1187FB58249,,-8.73153,San Sebasti� Spain,Alberto Iglesias,SOENUJX12AB017EF68,1,Procession,100.44036,2005
ARBBRM31187B9AFE9D,,,,Jan Garbarek_ The Hilliard Ensemble,SODFDPW12A81C218C9,1,Regnantem sempiterna (Anonymus),335.67302,1994
ARZ0ER91187B9A08CD,,-83.37325,"Athens, Georgia",Marshmallow Coast,SOJPKON12A6D4FA76E,1,Chameleon,192.67873,2002
ARHAJCV1187B9AEF3A,,,,Diabolical Masquerade,SOUBYCL12A81C22869,1,Ravendusk In My Heart,128.49587,1996
ARS79SF1187FB5BB6D,,,,Oliver Mtukudzi,SODEQPK12AB01870B1,1,Tapindwa nei,395.49342,1999
AR0M5KQ1187B9A5068,,,Torelló / Barcelona,Cul De Sac,SOIBVYW12A8C140412,1,Song to the Siren,219.37587,1991
ARA23XO1187B9AF18F,,-74.21956,"Carteret, New Jersey",The Smithereens,SOQKUVL12A8AE46636,1,Deep Black,176.48281,1987
ARQ7LPX1187FB454FF,,,,De Saloon,SOBJZEB12AB018A27D,1,Apagar el dolor,232.46322,0
ARDSWIE1187FB39056,,,"Boston, Massachusettes",Gang Starr Featuring Jeru The Damaja And Lil Dap,SOIVSQZ12A6D4F68BF,1,I'm The Man (Explicit) (Feat. Jeru The Damaja And Lil Dap),244.32281,1992
ARLIIW01187FB5C9E3,,-0.99603,Reading,Pete And The Pirates,SOBFFRY12A8C1377FA,1,Bright Lights,191.4771,0
ARNVT481187FB53375,,,"Surrey, England",Renaissance,SONZRTM12A6D4FADC1,1,Secret Mission (Album Version),302.65424,0
AR95ELJ1187B9B0337,,,,Eyeball Skeleton,SOITKBE12AB017BCF2,1,Eyeball Skeleton,143.3073,0
ARYIWF11187FB53F2D,,,,Earthling,SOLLSWW12A8C1433F5,1,Me & My Sister,213.05424,2004
ARBLDRW1187B9A05A1,,,,The Kills,SOEPSPI12A58A7B2F7,1,Getting Down,177.65832,2008
ARL1GBQ1187B9B562D,,,,Björn Rosenström,SOXPRPT12A8C1409C4,1,Trosan på Bengt,214.282,2006
ARAJMJA1187FB3E337,,-0.13449,"Brighton, England",The Electric Soft Parade,SOMLJYO12A8C13EDE5,1,If That's The Case_ Then I Don't Know,297.03791,2007
ARCLFWR1187B9AE7B2,,,,Fun Lovin' Criminals,SOVMKKT12A58A7F0CC,1,Love Unlimited (Explicit),205.66159,1998
ARA36TP1187B99AEB5,,,,Jan & Dean,SOMZPVX12AB01836A6,1,Such A Good Night For Dreaming,143.15057,0
ARKB7421187B9AA6B2,,,,Zebda,SOXLOXO12A58A7B8EA,1,Oualalaradime,239.33342,1998
ARNWPN01187FB49FBD,,1.99928,"Trappes, France",Shy'm,SOFIALN12A81C23487,1,T'es parti,209.65832,2006
ARF3Q4D1187FB38F73,,,,Oliver Koletzki feat. Fran,SOXAGXD12AB018D973,1,Hypnotized,481.67138,0
ARJHB9Z1187FB5B9FE,,,,Urban Cookie Collective,SOJALYZ12A8C1442F6,1,Sail Away,203.54567,1994
ARL752Q1187FB35EFE,,-101.95625,Mexico,Alquimia,SOXREIR12AB0181E9D,1,The Lass of Glenshee,261.98159,0
ARIUHYM1187B9AEAE4,,-96.56183,"Manhattan, Kansas",Ultimate Fakebook,SONLCJU12A58A7B69C,1,This Will Be Laughing Week,116.4273,0
ARPOBPN1187B9ADA45,,,Michigan,George Winston,SONSCZT12AB017F6FB,1,Highway Hymn Blues,184.08444,1994
ARXYF1Z1187FB4A769,,,"Reykjavík, Iceland",Lay Low,SODMRKD12AAF3B3B40,1,Please Don't Hate Me,166.00771,2006
ARI0PUX1187FB3F215,,-2.23218,Great Britain / UK,Maxi Priest,SOYIPEY12AB0184A2C,1,Ten To Midnight,262.76526,1992
ARI84T71187B9ACA53,,,,The Sleepy Jackson,SOASKLK12AF72AD539,1,Mixmatch,69.53751,2006
AR8ZQ9T1187FB56FE5,,,"Miami, Florida",Goldfinger,SOGOBGK12AF72A633B,1,Forgiveness,204.25098,0
ARWTLED1272BCD1DC6,,,,I Octane,SOSSNHH12AB0188F60,1,Blood Shed,205.16526,0
AR6OSQ81187FB3FDAB,,-6.24953,"Dublin, Ireland",Ronan Keating,SOUAQWX12A6D4F7DEF,1,Words,231.00036,2004
ARMAC4T1187FB3FA4C,,-74.47995,"Morris Plains, NJ",The Dillinger Escape Plan,SOBBUGU12A8C13E95D,1,Setting Fire to Sleeping Giants,207.77751,2004
ARANFET1187FB56607,,,"Buff Bay, Portland, Jamaica",Wayne Wonder,SOCGVXG12A6D4FBC3C,1,All This Time,227.70893,0
ARXWAQQ1187B9AE954,,,"Newark, NJ",Redman,SORWHWY12A6702038E,1,WKYA (drop),124.18567,2001
AR6C8EJ1187FB3F473,,," Ubá, Minas Gerais",Nelson Ned,SOCCQIQ12A8C13C76B,1,Brasas Vivas,211.80036,0
ARTFTSM11C8A415955,,,,Ace Enders & A Million Different People,SORMXGO12AB017CE1D,1,New Guitar,66.61179,2009
ARGCVZG1187B9B916F,,,,Hayseed Dixie,SOYAAKV12A8C13F9E2,1,Moonshiner's Daughter,146.96444,2005
ARMPRI31187FB4F7D9,,22.95775,"Volos, Greece",Vangelis,SOESIPG12AC468BDEB,1,Metallic Rain,369.29261,1988
ARMMJ2R1187B993A72,,9.51695,Denmark,S.O.A.P.,SOWXZTV12AB0185F0A,1,Welcome To My Party,218.48771,0
AR62EDZ1187B9AC433,,,,Primus,SOYBAIN12B0B8066F3,1,Bob,280.00608,1993
ARUB0K61187B9B9AC3,,-82.32318,"Gainesville, FL",Hot Water Music,SOMVUXI12A8C139832,1,Trusty Chords,169.50812,2002
ARS5ESO1187B991840,,,"Dayton, OH",Lakeside,SOUTRPB12AB01833E0,1,Say Yes,294.13832,1980
ARWVQRR1187B9AE7E3,,,,Five for Fighting,SOPVDLL12A8C135B39,1,One More For Love,253.83138,2004
ARIJE1A1187B9A458D,,,"Newport News, Virginia",Ella Fitzgerald,SOHCLBE12A6D4F8A42,1,Four Or Five Times (Medley) (1999 Digital Remaster),380.70812,1968
AR4VT3E1187FB570BB,,,Nebraska,Cher,SOVEBYA12A6D4F413A,1,Elusive Butterfly,192.15628,1966
ARMT23H1187B995083,,-98.49462,"SAN ANTONIO, Texas",Emilio,SOLCIZY12A6D4F6A61,1,Mira Nina,165.22404,0
ARNLX781187FB48955,,-1.9086,Birmingham UK,Rattlesnake Remedy,SOMRYWN12AB0186608,1,Freestyle,242.46812,2006
ARUG48S1187B9BA142,,-74.03097,"Hoboken, New Jersey (USA)",Husum,SOFCUXO12A81C21FFD,1,Den zu´ich ihm ´rein,197.38077,0
AR6FLVM1187B9B6F46,,,"Long Island, NY",Brian Setzer,SOUIBGT12A6D4F99C1,1,Glad All Over,126.48444,2005
ARP9QX11187FB50EEB,,,,Ulytau,SOBDHIZ12AB0182E18,1,Winter (Four Seasons),233.76934,0
ARH26TO1187FB3D7FD,,,,Seryoga,SOBWPMI12AB0187FD7,1,Russian Jigga,168.75057,0
ARRXG5Y1187B9AA016,,,ABD,G-Unit,SOSIVYG12A6D4F93A9,1,Poppin' Them Thangs,242.52036,2003
AR3J5F11187B98EC7A,,-76.79731,"Kingston, Jamaica",Hopeton Lewis,SOJKPWX12A8AE48B36,1,I'd Rather Have Jesus,147.48689,0
ARNNHLN1187FB42912,,-110.94695,"Hermosillo Sonora, Mexico",Yahir,SONKDJU12A67FFB313,1,No seamos tontos,216.81587,0
ARV9KX51187FB4CD00,,,,Beep Beep,SOFKBDJ12A6D4FA779,1,Chewy Poison (Album Version),41.11628,2004
ARWS2GP1187FB4CCD2,,,,Atom And His Package,SOBMAEL12A58A7B52F,1,For Aliza_ Whenever She May Sleep.,216.55465,0
ARWXRV91187B9AF9B9,,12.94439,"�ebro, Sweden",Millencolin,SOGUEBP12AB0186526,1,No Cigar (Live),158.27546,2000
AR8ACFK1187B9B4063,,,"New Orleans, LA",Champion Jack Dupree,SOJMOIF12A8C14397B,1,Christina Christina Blues,200.80281,0
AR2WQBP11C8A42C0AF,,,,Mahogany Rush,SONZQEW12A58A777C8,1,"(Excerpt From ""Who Do Ya Love"")",92.9171,0
ARC2NOM1187FB426C6,,,"Jacksonville, IL",William Fitzsimmons,SOKZCBM12AB017E3BE,1,They'll Never Take The Good Years,166.73914,2009
AR6C8EJ1187FB3F473,,," Ubá, Minas Gerais",Nelson Ned,SORTRUL12A6D4FA12A,1,Mi Sangre Latino,177.6322,0
ARC3KY01187B9AEB09,,-100.07715,United States,2002,SORMZJE12AB01815F5,1,Kindred Spirit,280.99873,2002
AROPC1B1187FB567E3,,,,Out Of The Grey,SOQXUNA12A6D4F9AFB,1,The One I've Been Waiting For (Diamond Days Album Version),252.62975,0
AREV2491187B9B017E,,,"Queensbridge, NY",Mobb Deep,SOVFRDB12AB017FF3A,1,Got It Twisted,224.62649,2004
AR00FVC1187FB5BE3E,,-100.30953,"Monterrey, NL, México",Panda,SOSIUCT12AB0182323,1,Conversación Casual,225.82812,0
AR4VT3E1187FB570BB,,,Nebraska,Cher,SOAJLUX12AB0188F4D,1,You Take It All,293.3024,2001
ARDSEZK1187B9A42A0,,,"New York, NY [The Bronx]",Dion,SOIBSLK12A8C133A5D,1,It'S All Over Now_ Baby Blue,213.13261,0
ARCN3ZX1187B98C2CC,,2.17005,"Barcelona, Spain",Antonio Orozco,SOJNZIU12AB01845F8,1,Caterine,211.722,2004
ARVLHS71187FB5B9C9,,,"Washington, DC",Pig Destroyer,SOCNLHV12A8C13FA96,1,Torquemada,34.08934,1997
ARAPH9U1187B9B34F0,,,"Marshville, NC",Randy Travis,SOZUUEA12A6701D4D2,1,Wind In The Wire (Album Version),211.40853,1993
ARJITOP1187FB4DFFD,,,,Eater,SOYCWTP12AB0183928,1,Waiting For The Man,163.39546,1977
ARJDHQE11F4C83D7DE,,,"Mooringsport, Louisiana",Leadbelly,SOBLFVI12A8C13B496,1,Fannin Street,159.76444,0
ARK7EJE1187B99B045,,-98.30897,Canada,Junior Boys,SOBNRPY12A8C132DCC,1,The Equalizer,298.60526,2006
ARBCXUC1187B9B5561,,,,Ty Taylor,SOSZSDE12AB0187AF3,1,Kiss The Girl,157.02159,0
AR9VTWU1187FB571BB,,-122.32944,"Seattle, WA",Estradasphere,SOZKHLY12AC907506A,1,Millennium Child,496.09098,2001
AR85NLK1187B999F2E,,-155.43414,Hawaii,Electronica,SOBHAQP12AB018B4D9,1,Just Dance,184.13669,0
ARE4SXN1187FB38701,,-97.74298,Austin TX,The Gourds,SOQJNYR12A58A7D507,1,Cold Bed,226.48118,0
AR7Y06M1187B9B8914,,,,Los Diablitos,SOFFDVT12AB017BCF9,1,El dominado,261.43302,0
ARMYYSR1187FB50575,,-87.63241,"Chicago, IL","Meade ""Lux"" Lewis",SOJWZMD12A8C13A27A,1,Variations on a Theme Part 1:19 Ways of Playing a Chorus,243.722,0
ARAW35N1187B994CCA,,,,Queensryche,SOGKFEF12A6D4FA172,1,My Empty Room,92.21179,1988
ARSXDKG1187FB41505,,-87.67525,"Florence, AL",Sam Phillips,SOVSYZA12AB018D3E0,1,Fighting With Fire (Remix),172.93016,1999
ARVODOV1187B9AE0CC,,,,The Melodians,SOPHYEM12A8C1340FB,1,Rivers Of Babylon,254.45832,1970
ARKM9O01187B98FF88,,32.51883,"Khartoum, Sudan",Rasha,SOKVCGM12A8C13FEFC,1,Azara Al Hay,389.43302,0
AR7GUNF1187B990CCF,,-80.83754,"Charlotte, NC",Between The Buried And Me,SOCKCXC12A6D4FD052,1,Geek USA (Album Version),325.11955,2006
ARWDDHA1187FB3A745,,9.67469,"Fulda, Germany",EDGUY,SOKJJRC12A6D4FCCD6,1,Superheros (Epic Version),189.6224,0
ARJVTD81187FB51621,,-2.78071,Portishead / Bristol,Portishead,SOBCRSV12A6D4F3C93,1,Humming,362.31791,1997
ARO0R521187B98A2D1,,,,2 Minutos,SOSSUGT12A8C138F9F,1,Rompan Todo,88.58077,2006
ARNUJQM1187FB3EE72,,,"Bergen County, NJ",Number Twelve Looks Like You,SOBIODA12A8C13CDAD,1,Cradle the Crater,258.29832,2007
AR5R1EG1187FB3E94F,,-94.20069,"Brainerd, MN",Linda Eder,SORLOYR12AB0188AAC,1,On The Street Where You Live (album version),205.11302,2003
ARVZDOM1187B9B49C9,,,"Brooklyn, NY",Barry Manilow,SOEGWEI12A8C143182,1,Some Bar By The Harbor,298.9971,0
ARIOSKN1257509BCE1,,,,Cama,SOBUWPY12A8C1446C0,1,In This Life,210.36363,2009
AR470HW1187FB3B8DF,,,"Bakersfield, CA",Merle Haggard And The Strangers,SOTTXMZ12A6D4F6DB1,1,Folsom Prison Blues,165.69424,2006
ARIRDVY1187FB587CC,,151.20695,"Sydney, New South Wales, Australi",The Beautiful Girls,SOBZHTP12A8C13B9B7,1,Shot Down,404.08771,2005
ARFI49X1187FB473D0,,,,David Kitt,SOZXNGX12A8C13FBD4,1,Up To You,224.57424,2006
ARM8Y3L1187FB537A7,,,,Mortal,SOHWKNM12A8C135A07,1,Word Is Alive_ The (Jeromix)  (Mortal Album Version),290.55955,0
ARAXZGI1187FB3EB5F,,,,Ana Carolina,SOHRARU12AC468E3DD,1,É Hora Da Virada,188.39465,2003
ARZ9FGC1187B98B47D,,,"St. Albans, Herts, England",The Zombies,SOUTFFK12AB0184613,1,I Know She Will,152.842,1974
AREEE851187FB4762A,,,The Netherlands,The Dreamside,SONOGCT12A8AE475EC,1,Somewhere Before,285.93587,2003
AR8CRLE1187FB4E949,,,,G. Love,SOWFVMV12A6D4F60F1,1,Ain't That Right,234.29179,2006
AR8QW7Y119B866993A,,,,Oztara,SOTAGIH12AB018152A,1,La Route Est Belle,207.51628,2005
AREPD8D1187FB3F5BC,,,"Gainesville, FL",Sister Hazel,SOKMFTY12AB0183216,1,Walls And Cannonballs (Album),195.36934,2010
ARWDEP01187B9B535A,,-84.19444,"Dayton, OH",Lou Barlow,SONODTL12A8C14105E,1,Too Much Freedom,211.48689,2009
ARB60IV1187FB370FE,,-96.7954,"Corpus Christi, TX",Reverend Horton Heat,SORRKPH12A8C131B8A,1,Baddest Of The Bad (Album),147.9571,1994
AR4IAEY1187B9A03B8,,-103.35108,"Guadalajara, Jalisco; Mexico",Sussie 4,SOWWZNU12A6D4F9279,1,Shakin' Eyes,354.84689,0
AR0BK8Y1187B9AF28A,,,,Discover America,SOBVRXY12A6D4FC669,1,Stark Honesty,211.22567,2005
ARZU9NI1187B9AEE08,,13.49942,Karlstad,Babylon Disco,SOHZNER12AAFF43D08,1,Error,208.90077,2007
ARN7OQ21187FB5A6B3,,,"Greenwood, MS",Furry Lewis,SOPPEBK12A8C13B9CE,1,Good Looking Girl Blues,171.49342,0
AREWAAS1187B98C490,,-90.394,"Hazlehurst, MS",Robert Johnson,SOSMVOC12A8AE4580F,1,Malted Milk,138.94485,0
ARYF20K1187B9B76BD,,,"ORANGE, California",George Lopez,SOSJVGP12AB0185B95,1,Church Hangover,270.68036,2006
AR9OGG71187FB40520,,,,Teitur,SORYELJ12AAF3B32DE,1,Hitchhiker,225.59302,2006
ARSOYIA11F4C842DA4,,,,Stevie B,SOQFQJI12A8C13471E,1,In My Eyes,312.89424,1988
ARYBXCB11F50C4E0E0,,,,Louis Armstrong and His Orchestra,SOXYPYX12AB0187051,1,Honey_ Do!,154.93179,0
ARVRXYY1187B9A8FC6,,17.55142,SWEDEN,Simon Says,SOOARDX12A8C141112,1,The chosen one,342.96118,0
ARH3HQO1187B998CF8,,,,Psihomodo Pop,SOBKWLX12AC4687387,1,Starfucker,231.78404,1993
ARMTSG61187B991EF1,,,,Maroons feat. Erin Anova,SOSYDBF12A6D4FA5E8,1,Golden Rule,233.06404,1999
ARML8X41187B990644,,,"Glasgow, Scotland",Simple Minds,SOBUIHY12A6D4F5D1B,1,Careful In Career,308.94975,1981
ARF4I701187FB3AEFF,,,"Worcester, MA",Four Year Strong,SOYVYNF12AB01814D4,1,Story Of A Girl,176.87465,2009
AR7VWZ11187B98DA42,,,,Spice Girls,SODRSAD12A6D4FA0C2,1,Never Give Up On The Good Times,270.00118,1997
ARBIE071187B9A5AF6,,,,Janove Ottesen,SOBJDHZ12A81C2207B,1,Down To The Vertigans,270.99383,2004
ARAOQE51187B9B3DF3,,,,Philip Jeck,SOJLBSP12A67ADA65A,1,Below,451.39546,2002
ARLGIX31187B9AE9A0,,,"Chicago, IL",R. Kelly & Jay Z,SOXKMLO12AB017FFDB,1,Honey,242.15465,0
ARUSW6X1187FB3CF6E,,-106.48749,"El Paso, TX",Bobby Fuller Four,SOGZNLG12AB018344F,1,Let Her Dance,155.45424,1965
AREH0IP119B8667CB3,,-0.12714,London,Annotations of an Autopsy,SOCIPSH12A58A7B60B,1,Awaiting the Autopsy,94.87628,2007
ARNDCNN11F4C8401A5,,-118.24532,"Los Angeles, CA",The Germs,SOEXVEU12A81C2360D,1,Sex Boy (Live),134.50404,1977
AR3EPSZ1187B997170,,-71.08868,"Boston, MA",The Lemonheads,SOMXGHT12AB018626F,1,C'mon Daddy (LP Version),211.3824,1996
ARTPL6J1187FB4D6FB,,-73.94888,"Brooklyn, NY",John Patitucci,SOUCVNM12A6D4FA6A0,1,Joab,292.62322,0
AR3BAPB1187FB3DD5E,,-86.30063,"Montgomery, AL",Dr Feelgood,SOASIEJ12A8C1462C4,1,A Case Of The Shakes (Live) (2002 Digital Remaster),187.24526,0
ARKOZRN12496DAB5F3,,,,Jay Farrar and Benjamin Gibbard,SOOHRUQ12AAF3B357D,1,These Roads Don't Move (Album Version),185.7824,0
ARUQNK41187B98C045,,,,3582,SOVVPZA12AB0187D3B,1,Bad Form (Instrumental),230.71302,0
ARMZ4K51187B9A09C6,,,,Brad Mehldau,SOVTECD12AB018D9CF,1,Now You Must Climb Alone,245.81179,2010
AR9W3X91187FB3994C,,,"Chiswick, London, England",Phil Collins,SOFMMKA12A58A7CBF5,1,Welcome,216.92036,2003
ARE602H1187FB3B8F8,,-73.13585,"Long Island, NY",Brand New,SOOZBJW12A58A76428,1,Luca,308.63628,2006
AR9AR5R1187B99BDA9,,-73.55439,"Montreal, Quebec, Canada",Ion Dissonance,SOCPQXO12A58A7D939,1,The Surge,199.83628,2007
ARN5D2O1187B993ED6,,-76.14739,"Syracuse, NY",Bobcat Goldthwait,SOBRXJJ12A58A7CA6E,1,Hunters Are Gay (LP Version),168.61995,0
ARP87IP11A348EF917,,,,Eero Johannes,SOMIYXE12A8C142B9B,1,Mantik,239.80363,2008
ARIVVUQ1187B9A2394,,,,Roadrunner United,SOHQTKJ12A8AE46A88,1,Annihilation By The Hands Of God (Album Version),333.58322,0
ARE4C3K1187B98944A,,15.47491,Prauge Czech Republic,8stops7,SODQGLE12AB0180CD0,1,Not Alive (David Bianco Mix/Original Mix),218.85342,1999
ARVLIVA1187B991590,,,,Zeca Baleiro,SOFCHBZ12A8C142084,1,Blues Do Elevador,237.97506,2000
ARFD5AT1187FB40779,,,,De La Ghetto,SOABHSF12AB0182977,1,Perdicion,281.28608,0
AR6XXDN1187FB4B01B,,7.01325,"Cannes, France",Chiens De Paille,SOGVHGD12AB017C843,1,Un de ces jours,272.87465,2001
AR7Y6JX1187FB4D9B3,,,"Washington, D.C.",Bad Brains,SOSFKCZ12AF72A3C24,1,Riot Squad (1991 Digital Remaster),119.71873,1983
AR6LM3I1187B9B2B34,,-0.12714,"London, England",Cornershop,SOIERAA12A8C134F90,1,Good Ships,278.46485,1997
ARDRJSP126E2B3BEF8,,,,Spiritualized,SOXXMFL12A8AE47B6A,1,I Think I'm In Love,608.31302,1997
ARE6D0Y119B8667D9F,,,,Alejandro Santiago,SOSFHAT12A58A79EB6,1,Siempre Ana,234.63138,2002
ARC1IHZ1187FB4E920,,,,Jamie Cullum,SOUOYBD12A67AE0EC5,1,Oh God,218.30485,0
ARMYCBG124549A49AC,,,,Branford Marsalis Quartet;Terence Blanchard,SOEEMJJ12A8C133D41,1,Again Never,234.762,0
ARVEJ9M1187FB4DC44,,,,Les Ogres De Barback,SOBQBWP12AB018611B,1,Niev nietch nievitch,254.06649,1999
ARPSOOQ1187B993508,,,Stockholm,Bloodbath,SONJPRU12AF72A5963,1,Outnumbering The Day,195.97016,0
ARXRKEA11F50C4AE9E,,,,Genki Rockets,SOAFUVR12AB01800F9,1,Star Surfer,273.55383,0
ARE4XYS1187FB5345E,,,,Casino Versus Japan,SOERMNK12A8C13D0C0,1,You Were There,93.51791,2002
ARLF2G11187FB4E744,,,,Los Bunkers,SOZQTQJ12AB0187426,1,Ultima canción,364.64281,0
AR59BHM1187B9AF0CD,,,,Slonovski Bal,SOVMIHO12AB01821B6,1,Fiju Fiju,210.93832,2005
ARL3IIC1187FB394BD,,2.34121,"Paris, France",Richard Clayderman,SOEUBDR12AB018986B,1,All By Myself,191.58159,2001
AR53H581187B9A93F9,,-118.24532,California - LA,Sylvie Lewis,SOBJUAR12A58A7A208,1,Old Friends,158.24934,2006
ARME0NZ1187FB4A289,,,,Difuntos Correa,SOSNQRQ12A6D4F9D36,1,¿Para Qué?,213.4722,0
ARMUC731187B9A172D,,,,Azis,SOKBJCQ12A6D4F9DCB,1,Anti Geroi,281.88689,2006
AR4M8TW1187FB4F34F,,-118.24532,"Cardiff, Wales and Los Angeles, California",Neon Neon,SOYQUPC12A8C137CFC,1,Raquel,301.58322,2007
ARXXK5G1187FB392EB,,-71.08868,"Boston, MA",Mission Of Burma,SOYMBJW12A8C13CCF2,1,The Ballad of Johnny Burma,122.85342,1982
ARAHQDS1187FB55275,,,,Maysa,SOKZYGT12A8C139568,1,This Time I'll Be Sweeter,230.3473,0
AR7UCPQ1187FB3B9DC,,,,Rantanplan,SOIFXDL12AC468BD7F,1,Affe Loco,225.61914,2004
AR2HNUS1187B9ACB82,,,"Memphis, TN",Alex Chilton,SOKNKGG12AB0182B51,1,Take me home and make me like it,325.3024,1981
ARB5RDH1187B9A04DD,,,,Venke Knutson,SOUZYTS12A58A7975E,1,Hold On,229.0673,2005
AR3THYK1187B999F1F,,,,João Gilberto,SODPNJR12A6D4FA52D,1,Segredo,197.19791,2000
ARLDPUJ1187B9ADFA1,,,"Milan, Italy",Gianluca Grignani,SOUFIIE12AB017CFD7,1,L'Acqua Nel Deserto,288.31302,2008
ARR5OEN1187B9B0A1A,,,,MANDRAGORA SCREAM,SOXQKTA12A81C221C9,1,Isserggia's hope,148.21832,2003
AR202MX1187B9B0383,,,,Tanto Metro & Devonte,SOYALFX12A8C143637,1,Honey I Sugar Pie,207.33342,2003
ARLIQ281187FB3DC05,,0.47791,"Chelmsford, Essex, England",Squarepusher,SOCJFPP12AB017FFE7,1,Circlewave,388.23138,2004
ARQ0BZY1187B99F093,,,"Columbus, OH",Everyday Sunday,SOHKEPR12AB018C9C9,1,Don't Leave,269.73995,2002
ARXWUO91187B99CA61,,-71.08868,Mass. - Boston,Bobby,SOVBPVY12AC3DF73D0,1,Thursday In This Universe,291.00363,2008
ARL25QK1187B9B174C,,,,Marc Antoine,SOPJSPC12A6D4FA6EC,1,Plaza Mayor,279.45751,1998
ARIY7YK1187FB5AC73,,,,Sebastien Tellier,SOPUNFH12A6D4F9CEF,1,Universe,252.65587,2001
ARUVIMM1187B98E94D,,,,Kinderzimmer Productions,SOZMHEQ12A8C13A9E2,1,Deck Das Dach Ab (Feat. Switcheroony_ Tek Beton_ Klaus),292.64934,2002
ARYJSY01187B9B7C65,,,"Locust Ridge, TN",Dolly Parton with Roger McGuinn,SOVPWYD12A6D4F8B21,1,Turn_ Turn_ Turn,198.94812,2005
ARRHLB01187B99558E,,,,Deepak Chopra and Adam Plack,SOROTNX12AB0183015,1,Divinity In Me,128.33914,0
ART3KT21187FB450DC,,,"Rome, Italy",Ennio Morricone,SOOLVWE12A67AD757F,1,Once upon a time in the west,191.4771,1986
AREPD8D1187FB3F5BC,,,"Gainesville, FL",Sister Hazel,SOPXKFG12A58A78D97,1,Space Between Us (Album Version),303.98649,1994
ARD5BQ01187B9BA39D,,,,Averse Sefira,SOATXGQ12A8C14005A,1,Descension,425.50812,2008
ARS26BQ1187B99466D,,,,Spieluhrmelodien,SOCKIPC12A8C13F0C0,1,Zeigt her eure Füße,131.94404,0
ARGREXL1187FB3FC9B,,,,Coven,SODCRFM12AB0187CB9,1,Coven In Charing Cross,244.50567,0
ARH17BD1187FB51BB6,,,Japan,Loudness,SOFRNJX12AB01840DE,1,LOVE TOYS,246.07302,0
ARS8GNX1187B9B5141,,-81.51406,"Akron, OH",The Black Keys,SOCQQSU12AB0185BF4,1,Next Girl,198.21669,2010
AR7BX2C1187FB45330,,,,Nacho Vegas,SOQQVYY12A58A7BB12,1,Sólo Viento,458.26567,2003
AROISHY1187FB38884,,-111.97046,"Ogden, UT",Donny Osmond,SOIBQED12A6D4F7D61,1,How Deep Is Your Love,240.19546,2007
ARDN2IB1187FB41FA0,,,,Mood II Swing,SOMGGGZ12A8AE4605E,1,Can't Get Away From You,488.80281,2003
ARUT9731187B9AE432,,-89.50409,Illinois,Eric Alexander,SOXORHJ12AB01870C3,1,Nemesis,477.90975,0
AR93RTI1187B98ECFB,,-96.0878,"Navasota, TX",Mance Lipscomb,SOGEVBP12A58A7876B,1,Captain_ Captain!,189.93587,0
ARIRQGA1187B99D9FF,,-1.46454,"Sheffield, England",65daysofstatic,SONREHK12AB01819EE,1,Climbing on Roofs (desperate edit),147.06893,2005
ARSZP6T1187B989F0A,,-81.69074,"Cleveland, OH",Ringworm,SOLEAOD12AB0181BE8,1,Likeness Of Vanity,124.39465,0
ARZKIID1187FB489C7,,-77.029,"Washington, DC",Shudder To Think,SOBXDAL12A8C1329E1,1,GANG OF $,223.79057,1994
AR37E341187B989A3E,,-79.7947,"GREENSBORO, North Carolina",Wilshire,SOGFHXF12A8C136B2A,1,Special,184.37179,2003
ARV9RX01187B993314,,45.03352,"Aden, Yemen",Eddie Izzard,SOGOKHC12A8C139260,1,Monkeys & Guns,385.30567,2000
ARCIGKY1187FB4FAC7,,,,Lucybell,SOUPYBZ12A6D4FBDEE,1,Luces no bélicas,215.50975,2000
AR9ST641187B99B4DE,,-90.19951,"St. Louis, MO",Cal Tjader,SOFBBXV12A81C21835,1,Manuel's Mambo,197.22404,1956
AR2DP8Z1187FB3C4D7,,-118.24532,"Los Angeles, CA",Horse The Band,SOMNRZI12AAF3B514B,1,Desperate Living,265.06404,2009
ARFAQ9R1187FB4D5D8,,-74.00712,NY - New York City,2 Skinnee J's,SOWHBSB12A8C1336B7,1,3 Minutes,280.68526,2000
ARUTDLO1187FB4A79A,,,,Julian Fane,SOAHPNQ12AC468D71B,1,Jonah The Freak,332.22485,2006
ARTKJ121187FB3D0CB,,,,Ludovico Einaudi & Ballaké Sissoko,SOGIBOM12A8C140F69,1,Laissez Moi En Paix,242.41587,2003
AR5P2UW1187FB3C1B6,,-122.32944,"Seattle, WA",Judy Collins,SONQPMZ12A58A7A6A0,1,Marat/Sade  (LP Version),336.71791,1966
ARSCC3E119B3403751,,,,Quad City DJ's_ The 69 Boyz and K-Nock,SOPAKWW12AB0185A16,1,What You Want For Christmas (LP Version),275.66975,0
ARLQ1IL1187FB3C77A,,-118.24532,"Los Angeles, CA",Bob Welch,SOSIDTW12A58A79FA3,1,Justinee,250.46159,0
ARZD4UW1187B9AB3D2,,-74.00712,"NEW YORK, New York",Latin Lover,SOIAQCE12AAF3B562B,1,Laser Light,401.10975,2000
ARGMXQW1187FB54C34,,-46.65466,"Sao Paulo, Brazil",Eliane Elias,SOPHYIS12AAF3B35A3,1,The More I See You,251.42812,2009
ARDMBVC1187B98ED2A,,,"Nashville, TN",LITTLE TEXAS,SONMIVJ12A58A76E0B,1,My Love (Album Version),246.09914,0
ARWAJKN1187FB362A1,,-118.24532,"Los Angeles, CA",Nate Dogg feat. Daz Dillinger,SOHDKYC12A8C131C33,1,These Days,303.35955,2001
ARHXX4T1187FB5ABF7,,-74.72671,Liverpool,JJ,SOETKHE12AF72A3B94,1,Girl Sugar Plum,242.52036,0
AR2F1JC1187FB4EFB0,,,,Luna,SOPQFUC12A8C1445BB,1,Sleeping Pill (Album Version),352.26077,0
ARDB9J71187FB4AB8B,,-2.65978,"Kingsbarns, Fife, Scotland",James Yorkston,SOWBBBM12A8C136E35,1,The Hills & The Heath,269.76608,2007
ARDP7C31187B98A9F5,,,,Habakuk,SOMNREY12A6D4F5707,1,Arka Noego,257.51465,2007
ARIFGKC1187B9B04D5,,,"Steubenville, OH",Dean Martin,SOYCTBG12A8C144341,1,Until You Love Someone,165.66812,2005
ARBVFK31187B9A365B,,-95.84502,United States,Ross Copperman,SOJDZTD12A8C1417DB,1,I Don't Wanna Let You Go,196.77995,2007
ARU2AC81187B99C459,,,,G.T.A.,SOXZQZY12AB018ABA3,1,G.T.A. Call,224.62649,0
AR6C8EJ1187FB3F473,,," Ubá, Minas Gerais",Nelson Ned,SOAXABK12A8C13C76F,1,A Mi No Me Importa,200.48934,0
AR4I9Q71187B9B0C8C,,-95.99277,"Tulsa, OK",Ester Drang,SOPOISC12AB018C718,1,One Hundred Times,219.32363,2003
AR91NIO1187FB4D732,,,Georgia,Cat Power,SOXZRBE12B0B808AB6,1,Sweedeedee,233.42975,2000
AR00Y9I1187B999412,,,,Akercocke,SOWCLOW12AB018D27C,1,Seraphs And Silence,284.02893,2005
ARMD76B1187FB56916,,,,Man With No Name,SOGDVPT12A8C13BD03,1,Parallel Universe,471.77098,1998
ARIQXZL1187B99AE6A,,,"Jacksonville, FL",Whole Wheat Bread,SOSZTNS12A8C13CE1E,1,Untitled,192.26077,2005
ARBU0111187FB39893,,,,KJ Sawka,SOWBUTZ12AB01874C3,1,Future Juju Soundsystem,240.03873,2005
ARSF0K11187B9AF319,,,"London, England",James Taylor,SOBKPCA12A8C131AD9,1,Steamroller Blues,324.85832,0
AR2PT4M1187FB55B1A,,,,Los Chichos,SOGDQZK12A8C13F37C,1,No Quieras Marcharte,191.68608,1984
ARHPGAD1187B9AE791,,-0.12714,"London, England",Fluke,SOOPWZB12A6D4F8594,1,Heresy/Garden Of Blighty,588.61669,0
ARI6NAR1187FB3B053,,-75.66114,"BEAR, Delaware",Myron Butler & Levi,SOUHVQB12A6D4F72A8,1,Set Me Free,292.10077,2006
ARASYMJ1187B9ACAF2,,-0.12714,"London, England",Whitesnake,SOGEBZO12A67ADF488,1,Young Blood (2007 Digital Remaster),209.99791,0
ARYLDNJ1187B99B538,,-95.84502,US,Jim Ford,SODDIAQ12A58A7E758,1,Big Mouth USA,193.14893,2007
ARA4WD21187FB3C0DF,,,,The Unlovables,SOSRAYJ12AB0181C88,1,Disaster,214.80444,2007
ARRCPTY1187FB3E6FC,,,,Enrique Morente,SOGOSKT12A8C13CDDB,1,Martinete,266.78812,2005
AR94EZ61187B990729,,,"Cologne, Germany",Can,SORUDND12A67020719,1,Soup (2004 Digital Remaster),631.43138,1972
ART6RHH1187FB5B9AF,,,,DJ Encore / Engelina,SOSTMHJ12A58A75D72,1,Out There,268.43383,2001
ARK7BM31187B99E57D,,-81.73465,"Parma, OH",The Alarm Clocks,SOPDPCR12A8C131F56,1,Yeah,165.22404,1986
ARRJNTE1187FB44E12,,,,Casiotone For The Painfully Alone,SOKBTBD12A6D4FA3C6,1,Rice Dream Girl,108.40771,1999
AR909FY1187B98F43E,,-76.47933,"Kingston, Ontario, Canada",The Inbreds,SOBDKQB12A58A7A3AF,1,Turn My Head,208.79628,0
ARML3X41187FB35F2E,,,,Jason Mraz,SOCDAIR12A8C131F89,1,The Dynamo Of Volition [From An All Night Session],263.00036,0
ARYIGQW12454A4D044,,,,Sleep For Sleepers,SOZKJCT12A8C143F02,1,Twilight,198.42567,0
AR0BYBG1187FB3F3E1,,-80.23742,"MIAMI, Florida",Eths,SOEIRMV12A8C13C017,1,Samantha,303.96036,2002
ARJ8QLL1187FB5A021,,-0.12714,"London, England",Dreadzone,SOENJCZ12A6BD53784,1,Zion Youth (Digidub Mix),372.08771,1995
ARS7F8J1187B9AFE31,,103.82771,Singapore,Vanessa-Mae,SOXXQHZ12A6D4F6E5D,1,Toccata And Fugue In D Minor (Live Version),279.61424,0
ARRVGAX1187FB4D745,,-80.01955,"Bellhaven, NC",Little Eva,SOKYXSZ12A6D4F6E92,1,The Loco-Motion,145.162,1962
ARXLX5L1187FB47BED,,,,Crazy Horse,SOCRNKC12A6D4FAE9D,1,Dance_ Dance_ Dance  (Album Version),133.3024,0
ARLCD3T1187FB57501,,-84.75627,CANADA - Ontario,Charlotte Diamond,SOCZJCI12AB0186B32,1,The Garden Song,189.70077,1985
ARZS76R1187FB41927,,,,Stacey Kent,SOFEDVJ12A8C137179,1,What A Wonderful World,267.85914,2007
ARXTNTX1187B9B3E6A,,-6.24953,"Dublin, Ireland",Dr. Strangely Strange,SONOASX12A6D4F848C,1,Frosty Mornings,412.42077,1969
ARVNNXD1187B9AE50D,,,"Washington, D.C.",Marvin Gaye,SOXOCMB12AB017B90C,1,It Don't Take Much To Keep Me,160.57424,1969
AR06A4I1187B98C660,,,,Rotersand,SOWRHAJ12AB0188D51,1,Would You Buy This?,196.04853,2005
ARGFVP41187B99296B,,,,Max Melvin,SOBHGGX12A8AE45557,1,Someday,262.79138,0
AR2YE121187B993677,,,,Pinmonkey,SOEWWMX12A6D4F8AD3,1,Wrapped,248.86812,2006
ART0ETO1187B9AB519,,,"San Francisco, CA",Ben Kweller,SOVOZSC12A8C144E73,1,Magic,188.60363,2006
ARAIABB1187B9AC6E2,,,"Paddington, London, England",Seal,SOCLPMP12A81C2354B,1,Prayer For The Dying (Album Version),330.26567,0
AR57KX31187B9A7F30,,-74.00712,"yourmama, New York",Knights Of The Abyss,SOSEIYL12AF729F668,1,Bound By Heresy,207.12444,2008
ARL1G0L1187FB4066D,,-79.05661,"Chapel Hill, NC",Doleful Lions,SOIDKGA12AB0187109,1,White Lotus Day,280.18893,2008
ARQATWU1187B98EE26,,-74.72671,Nueva Jersey (Estados Unidos),Ill Nino,SOTHZUA12A8C13268A,1,All I Ask For (Album Version),219.81995,2005
ARU1MVY1187FB37B73,,,"Jelgava, Latvia",Brainstorm,SOGMMKW12AB018EF4C,1,Cross The Line,301.47873,0
AR7WGYZ1187FB3CAB0,,,,Wang Chung,SODNQJO12A6310F970,1,Dance Hall Days,234.762,1983
ARMBASL1187B99107C,,-118.24532,"Los Angeles, CA",Union 13,SOAIBPS12A8C139792,1,The Game,152.05832,2000
AR65K7A1187FB4DAA4,,,,Beyoncé,SORLLRN12A58A7F1EE,1,Be With You,260.20526,2003
AR6JMUB1187FB439D2,,,,Battalion Of Saints,SOGIINM12AB0183E6E,1,Too Much Fun,60.00281,0
ARFMLPQ123E29C23C0,,,,Ans,SOSICYN12A8C14114C,1,Square Of Life,263.94077,0
ARMDA7X1187FB52EA8,,,,The Derek Trucks Band,SOEOCJO12AB018203B,1,Sweet Inspiration,278.90893,2009
ARBZIN01187FB362CC,,103.78871,27,Paris Hilton,SOERIDA12A6D4F8506,1,I Want You (Album Version),192.28689,2006
AR0IT221187B999C4D,,4.47684,BELGIUM,The Weathermen,SOFJPHQ12A6D4FBA32,1,Let Them Come To Berlin,246.17751,0
ARKUAXS11F4C841DEB,,-77.029,Washington DC,Jazz Addixx,SOLJVMI12AB018ABF0,1,Say Jazzy,266.52689,2007
ARBQBZV1187B99D29E,,,,Carl Cox Vs Yousef,SORAVUP12AB018556E,1,I Want You (Forever),357.82485,1991
AREXOMV1187FB3BD8C,,,,The Wilde Flowers,SOBUJRI12AB018AFB2,1,Memories,95.18975,1994
ARRGOBL1187FB46D00,,-58.37354,Buenos Aires (provincia),Richard Shindell,SOXOCIT12A8C13386F,1,Beyond The Iron Gate,325.95546,1997
ARHLT3W1187FB5711F,,,"Belo Horizonte, Brazil",Sepultura,SOOETXC12A8C142B93,1,Ludwig Van,330.03057,2009
ARACKOW1187B9A049B,,,,The Edgar Winter Group,SOIHVYM12A8C13585D,1,Frankenstein,205.5571,1972
AR4RY4E1187B9912E5,,,New York,Wax Poetic,SONJKPC12A8C143404,1,Cihangir,333.84444,2008
ARWTCIC11E2835CDD0,,,,Charlie Haden Quartet West,SOVKNKQ12A6D4F9F1D,1,I'm Gonna Laugh You Right Out Of My Life,371.66975,0
ARPFHN61187FB575F6,,-87.63241,"Chicago, IL",Lupe Fiasco,SOWQTQZ12A58A7B63E,1,Streets On Fire (Explicit Album Version),279.97995,0
AR7OCK81187B98D1F1,,-118.24532,"Los Angeles, CA",Debbie Davies,SOLULNS12A8C13008E,1,Little Sister,225.67138,1998
ARNQESK11F4C83FD6F,,,,Beatnuts,SOTNQRU12A8C131FEF,1,Monster For Music,170.52689,0
ARA23XO1187B9AF18F,,-74.21956,"Carteret, New Jersey",The Smithereens,SOFPNQF12A8C13A8C1,1,Room Without A View,248.63302,1989
ARAG533119B8668A01,,,,The Courteeners,SOVURUB12AC468C232,1,Forget The Weight Of The World,191.34649,2010
ARNQMZ11187FB5A7D3,,,,Glenn Mercer,SOSPUDU12A8C13AFB6,1,Two Rights,314.43546,2007
AR83KGZ1187B9B2B38,,,,Cass Phang,SOCKTVN12A8C139177,1,Xi Huan Xi Huan Zui Xi Huan Ni,254.22322,0
ARTV83G1187B9A07D4,,,,STRAIGHTENER,SOGCKDA12A8C13A3B9,1,Stained Android,226.24608,2004
ARBUHDB1187FB3E72C,,-96.78176,"Fargo, ND",Bobby Vee,SOGMGUW12A8C143F44,1,What To Do Crying Waiting Hoping Learning The Game,227.05587,0
ARBIR151187FB5524D,,,,Abigail Washburn,SOYNCQB12A8C13B5BC,1,Single Drop Of Honey,163.73506,2004
ARAWQ751187FB36C18,,,"King of Prussia, PA",Bloodhound Gang,SOEWPAY12A67AD822D,1,Farting With A Walkman On,206.36689,2005
ARZORKK11E2835CDA4,,-71.88893,Sherbrooke,Vincent Vallières,SOACAKP12AB018638D,1,Faut que tu fesses fort,137.92608,1999
ARKPBQO11E2835D174,,,Newcastle Upon Tyne,Cheryl Cole,SOLPCVV12A8C1438F1,1,Stand Up,203.7024,2009
ARTMGQC1187FB4EC2D,,,Stockholm SWEDEN,Miss Li,SONTEOK12AB01883DF,1,Trouble Rumble,47.80363,2007
AR8YYNB1187B9A4BB3,,,,Assemblage 23,SOTTNRD12A8C13F7B6,1,Sorry,332.30322,2007
ARRLCY71187B9A0FC6,,,,Jongo Trio,SOEWLTH12A6D4F8E29,1,Morena Boca De Ouro,163.36934,0
ARKDRUN1187B9B8A4D,,,,Oumou Sangare,SONDXEU12A58A7B3B4,1,Ah Ndiya,268.32934,1994
ARRN3PZ1187B992110,,-118.35374,"Hawthorne, CA",Emitt Rhodes,SOOZDVN12AB01811FA,1,She's Such A Beauty,143.59465,1970
ARYCGI21187B9AEACC,,,,The Wildhearts,SOBIAET12A3F1EB0EF,1,Destroy All Monsters,378.22649,2007
AR2XI6G1187B9AE7DA,,,"Bronx, NY",Fat Joe,SOMBEOP12AB018A0F7,1,Bust At You [featuring Baby_ Scarface & Tony Sunshine] (edited album version),277.002,2002
ARVWN671187B99E4A2,,,,Oxymoron,SOXCISD12A8C1358E6,1,Skunk,149.62893,0
ARYYGRP1187B9A4719,,-84.54588,"Marietta, GA",Travis Tritt,SOQGTRC12AF729E1AF,1,Someone For Me,240.16934,1991
ARE9C8B1187FB57717,,,,Cloudland Canyon,SORQGFM12A8C13D2D0,1,Opening / Ice Of Rift,203.93751,2006
ARMGDJZ1187B9AD74C,,,,The Blues Brothers,SOTTUGH12AAA15EB5F,1,Excusez Moi Mon Cherie,161.4624,0
AR43RZ01187FB5128D,,,,Lord Nelson,SOCVXSU12AAA15D8E5,1,Bald Head Rasta,257.41016,0
AROCST41187FB53EE3,,,,Orchestra Baobab,SOXBAFZ12A8AE48A7A,1,Diarabi,312.842,2006
ARB2LGI1187FB4CD55,,-1.9257,"Wiltshire, England",Archie Bronson Outfit,SODYRCT12A8151D6B4,1,Kangaroo Heart,186.61832,2004
ARGSXDC1187FB3EFC4,,,Sweden,Amon Amarth,SONJSQC12AB0180EF7,1,Bastards Of A Lying Breed,333.5571,2001
ARUNHUJ1187FB4C13E,,,London,The Black Ghosts,SOPPIJJ12A67ADCF21,1,Anyway You Choose To Give It (Boy 8 Bit Remix),308.92363,2007
ARUIM291187FB3911A,,-19.02116,Iceland,Mugison,SOIYSWO12AB01871B7,1,Still-Song For Hippies,169.87383,2004
ARINI221187B990897,,-74.00712,NY - New York City,Special EFX,SOUYQSY12AC468CF1A,1,Georgia On My Mind,188.65587,0
ARR3ONV1187B9A2F59,,-2.23001,UK,Muse,SOBVAPJ12AB018739D,1,Exogenesis: Symphony Part 1 [Overture],258.42893,0
ARBOC9C1187B98C93A,,-85.83249,"PANAMA CITY BEACH, Florida",Brassy,SOVNOTL12A8C131D22,1,Nobody Cheers Me,32.13016,2003
ARA1EK21187B9A2FB7,,,,Silent Stream Of Godless Elegy,SOQJQUF12AB0184B38,1,Theme III,50.1024,2000
ARLNLD51187B98DEC5,,,"Chicago, IL",Disturbed,SODEXNX12A6701F2D4,1,Dehumanized (Live Version),223.4771,0
AR4C6V01187FB3BAF4,,-7.84481,Portugal,Moonspell,SOYGEQE12AF729A51E,1,Tired,323.7873,1999
AR2OGF01187FB49409,,-1.14036,"Leicester, Leicestershire, Englan",Jon Lord,SOSGCVQ12A6D4F8B80,1,Sunrise,347.95057,1998
ARQ5W4H1187B99E4A4,,-79.57064,"DELMONT, Pennsylvania",Norma Jean,SOMXTYR12A6D4FA639,1,Creating Something Out Of Nothing Only To Destroy It (Bless The Martyr Album Version),382.04036,0
ARTDQRC1187FB4EFD4,,,"Los Angeles, CA",Black Eyed Peas / Les Nubians / Mos Def,SOQOXXW12AF729F20B,1,On My Own,235.10159,2000
ARJ3VRY1187B9A3058,,,,Memphis La Blusera,SOLMPMK12AC468B131,1,Exactamente Medianoche,338.12853,0
ARZLJGL1187FB3767C,,,,Planetshakers,SOEHINO12A8C139885,1,Majesty,304.61342,2006
AR3GYSX1187B98D2FF,,-1.08728,"Portsmouth, Hampshire, England",Julia Fordham,SOOUWJO12A6D4F80A8,1,I Want To Call You Baby,231.02649,1997
ARPIKA31187FB4C233,,-74.00712,New York,The Action,SOANIIY12AB0181470,1,Love Is All,223.52934,0
AR2PNLP1187B9B8388,,,,Moonbabies,SOYPUCX12AB0182EB4,1,Take Me To The Ballroom,237.34812,2006
ARYECDK1187FB45587,,,,The Stranglers,SOHJRZY12A63110838,1,It Only Takes Two To Tango,217.96526,1981
AREPHJU1187B98F3A9,,-79.38533,"Toronto, Ontario",Our Lady Peace,SOBCUJG12A8C1346B0,1,Lying Awake,242.70322,1999
ARDNS031187B9924F0,,-83.22295,Georgia,Tim Wilson,SONYPOM12A8C13B2D7,1,I Think My Wife Is Running Around On Me (Taco Hell),186.48771,2005
ARDJRZJ1187B99BBAF,,,,Marine Girls,SOXCOHE12A58A79969,1,Shell Island,147.56526,1983
ARLG96V1187FB3CFB6,,,,Morten Abel,SODMGPD12A8C13648E,1,Our Day's Coming,251.21914,0
ARBJQTM1187B9B862B,,-3.71947,"Grangemouth, Scotland",Cocteau Twins,SOPJIQE12AF72A442F,1,In Our Angelhood,235.20608,1983
ARH5D6D1187FB4C572,,-122.42005,California - SF,Karunesh,SOLKFMM12A8C1328EF,1,Like A Cloud,337.76281,2004
ARMX9KX1187B9A58E8,,-87.63241,"Chicago, IL",Richard Marx,SOOZBXR12A8C13EEFD,1,Hold On To The Nights,294.00771,1987
ARCUL501187B9AF797,,,"Bradford, W. Yorks, England",The Cult,SOMRVWC12A8C1328E4,1,Bone Bag (Lyceum Live),256.522,0
ARO01MV1187B995602,,-2.23001,United Kingdom,Tygers Of Pan Tang,SOFZDUK12AB017D6FB,1,Dark Rider,281.15546,0
ARTPEEK1187FB5C548,,-0.12714,UK - England - London,Electribe 101,SOSHHSC12A6D4F96FE,1,Talking With Myself '98,241.50159,2000
ARFPWXB1187B994F8A,,-2.59143,"Bristol, England",The Pop Group,SORSNZZ12A6BD55BDC,1,Snowgirl,200.35873,1996
ARFM1EQ1187FB533ED,,,,Sir Samuel,SOABNPC12A8C13A9CC,1,Après Le Show,223.4771,2005
AR7S48C1187B99711E,,-96.83464,"Frisco, TX",Zuzu Bollin,SOSVQVA12A8C137DEA,1,Why don't you eat where you slept last night ?,175.90812,0
ARIDXDZ11C8A414C98,,,,We Have Band,SOTGNTT12AB018A9DB,1,Divisive,311.32689,2010
AR8LMZM1187B9A8160,,,"Houston, TX",Brooke Valentine,SORCBRS12A8C138350,1,Taste Of Dis (Explicit Version),261.53751,2005
ARLN9GU1187B9A1E5C,,-74.00712,"New York, NY",Vonda Shepard,SODEDUK12AC468DFD8,1,Sweet Inspiration,191.58159,1999
ARYNCPC11F4C83B1DD,,,,Tommy Dorsey and His Orchestra,SOLBDJZ12A8C13778D,1,This Can't Be Love,193.69751,0
ARWYPNT1187B98E873,,,Los Angeles CA,Kaskade,SOSZHZH12A8C139FCB,1,I'll Never Dream,229.66812,2008
AR68M8R1187B9A86A8,,-118.24532,"Los Angeles, CA",The Watts Prophets,SOAYYRV12AAF3B522A,1,Falstaff,96.1824,2005
ARAW35N1187B994CCA,,,,Queensryche,SORPGTX12AF72A5A04,1,Damaged (Live: 2002 Digital Remaster),243.98322,1994
ARJHSDH123E29C1669,,,,Kawasaki 3P,SOYNLTX12AB01893A9,1,Sob,164.17914,2009
AR0HVUL1187B9ACE67,,,"AUSTIN, Texas",Hans Zimmer,SOFYIOH12A6D4FB317,1,Restless Elephants,175.04608,1991
AR0DYTO1187FB4B6AE,,,,Loney_ Dear,SOLNFJP12A8AE46B31,1,Where Are You Go Go Going To,198.00771,2004
ARZJ49W1187B9A4A9B,,-80.9474,South Carolina,Marvin Sease,SOEZIPF12AC4686E0E,1,My Dog Won't Bark,238.81098,0
ARTAWLO1187B9ACE3D,,,"Bergen, Norway",Burzum,SOCHOPD12AB0185DBC,1,My Journey To The Stars,490.57914,1992
ARTRQUJ1187B992ADD,,-119.27023,California,Larry Graham & Graham Central Station,SOMNVJA12A8C144EDB,1,Easy Rider (Album Version),177.03138,1975
ARHPPMU11F4C83C09F,,,,Exploited,SOXCPBW12A8C13D533,1,(Fuck The) U.S.A. (album),202.23955,0
ARP12VB1187B9A7159,,,,Global Deejays feat. Technotronic,SOHUGKS12A58A7CE04,1,Get Up,382.64118,2007
ARRIRM31187B9B23BF,,,,Daniel Lemma,SOCSKNJ12A6701F8AB,1,Cordelia,219.66322,2002
ARNXITY1187B98C5C1,,-95.99277,"Tulsa, OK",Helen Baylor,SOIOVXX12A8C13B9FA,1,Footsteps (Album Version),279.24853,0
ARTE6AQ1187B9B2826,,-83.04792,"Detroit, MI",The High Strung,SOBXEJI12A58A79725,1,The Lifestyle That Got Away,153.73016,2009
ARMB95F1187B9B5B93,,-73.9454,"Harlem, NY",Cam'Ron / JR Writer,SOPFWNZ12A8C13B9C6,1,Shake,208.92689,2004
ARAUVWN1187B9A60BA,,,,Lone Justice,SOSHZAM12A6D4FAD23,1,East Of Eden,155.8722,1985
ARBAN8S1187FB4D22F,,,,Ben Folds Five,SOHVGOY12AF729EC76,1,Philosophy,276.55791,1995
ARNE16X1187B9B2DEE,,-77.02659,"St. Catherine, Jamaica",Jimmy Cliff,SOAVWUZ12A8C142B45,1,Take Your Time feat. Yannick Noah,193.64526,0
ARY53RR1187B9AE485,,-77.3819,"Belleville, Ontario, Canada",Avril Lavigne,SOZIMLB12AF72AD1CD,1,Innocence,232.202,2007
ARBSSV01187FB3A0C4,,,,Tiefschwarz,SOOSXNK12AB017E7BA,1,Fly,332.48608,2005
AR12F2S1187FB56EEF,,,"Boston, MA",Aerosmith,SOOJFKG12A8C1334E6,1,Lord Of The Thighs,425.03791,1974
AR5CKT41187B9B9AB0,,,,Presuntos Implicados,SOBGCUO12A6D4FB2B0,1,Mil Mariposas,249.80853,2006
AR5E44Z1187B9A1D74,,-82.51887,"Pikeville, KY",Dwight Yoakam,SOBONKR12A58A7A7E0,1,You're The One,239.3073,1990
AR7NTTO1187B995A0C,,-74.00712,"New York, NY",Manhattan Transfer,SOPDWCA12A6701D495,1,Four Brothers (LP Version),226.11546,0
ARDAT7X1187FB4B1EA,,-76.29771,"Portsmouth, VA",Swamp Dogg,SOHLFNJ12AB018654F,1,She's Built To Kill,222.6673,1991
AR5NKRN11C8A41754E,,,,Escuela de Odio,SOVJOYD12AB0181AFC,1,Motivos de huelga,179.06893,2000
ARXNFB81187B99859C,,,,Mexicanto,SOBCTIY12A8C13D0FF,1,Vamos Bien,178.59873,0
ARFOZ9U1187FB4F625,,-1.14392,"Nottingham, England",I Was A Cub Scout,SOISPSP12A8C1360BB,1,Worker Bees,438.49098,0
AR22R8A1187FB46B9E,,139.74092,Tokyo,Shanadoo,SOQVCQK12A6D4FD32F,1,King Kong,225.20118,2006
ARC4W081187B9ACDBD,,-90.04892,"Memphis, TN",Skillet,SOKSREW12A6D4F926D,1,Rebirthing (Album Version),233.32526,2006
ARSXTD61187FB423F5,,,"Raleigh, NC",Alesana,SOIALOB12AB0189E21,1,Interlude 4,61.962,2010
ARF9EGE1187B99DFA6,,,,Mari Trini,SOLGJUY12A6D4F7DC6,1,Déjame,234.50077,0
AR0VQ8W1187FB4F4D9,,7.54836,"Cuneo, Italy",Marlene Kuntz,SOAASHY12A58A7C439,1,Ricordo,275.98322,2003
ARWXOQF1187B98C5E7,,,,Catie Curtis,SOBEOCZ12A6D4F8DA6,1,My Shirt Looks Good On You (Album Version),187.42812,2001
ARW670O1187FB3AC60,,-122.32944,"Seattle, WA",Jon Auer,SORRYZE12A8AE48A75,1,Tears,245.4722,0
ARWA8AH1187FB3FC84,,-0.12714,London,Hot Chip,SOFKTPP12A8C1385CA,1,Hold On,381.17832,2008
ARS7RD11187B9B5542,,,Tyler TX,Eisley,SOCIJIL12A8C13E3FD,1,Come Clean (Album Version),213.55057,2007
ARUK9UD1187FB4ED18,,,,Olli Banjo,SOYESJC12AB018B406,1,Königsklasse feat. Sido (Album Edit),281.05098,0
ARTK5LU1187B9A654C,,,,Michael Gettel,SOMLFVN12A8C136135,1,Safe Passage,330.97098,1996
ART99XG1187FB3966C,,,,Ewa Bem,SOSNTNE12A8C1329A9,1,Za Szyba / Calkiem Spokojnie Wypije Trzecia Kawe,226.84689,0
AR8TD061187B9AF30E,,-81.97531,"AUGUSTA, Georgia",Playaz Circle / Shawnna,SOLJQRD12AB017EE8D,1,Gucci Bag,265.24689,2007
ARC1IHZ1187FB4E920,,,,Jamie Cullum,SOXZYWX12A6310ED0C,1,It's About Time,246.9873,0
ARIRBKB1187FB56CD0,,,,Saul Williams,SOMUUNK12AB0183AEE,1,Seaweed,218.95791,2004
ARTEOIV11C8A417A4E,,,,Mala Reputación,SOZZZES12AB018466B,1,Las 2:00,181.2371,0
ARIDBCA11F4C83D58D,,,,Bill Haley And The Comets,SOCPGAN12A6D4F7F17,1,ABC Boogie,142.2624,0
ARMLETE1187B99070D,,,"Madrid, Spain",Canteca de macao,SOHUKWK12AB017EB85,1,Green yin,169.58649,2009
AR5R1EG1187FB3E94F,,-94.20069,"Brainerd, MN",Linda Eder,SORRXNW12AB01882F4,1,If I Should Lose My Way (Album Version),217.67791,2002
ARY8LZU1187B98D7E5,,,,Eric Weissberg & Deliverance,SOYYETY12A8C13B03B,1,Reuben's Train (Album Version),179.40853,0
ARGVYYD11C8A416342,,,,DJ Muggs & Planet Asia feat. Sick Jacken,SOTMGYY12A8C140E5D,1,Death Frees Every Soul ,222.17098,2008
ARIZTU51187B9991F1,,,"New York, NY [Brooklyn]",Vico C,SOLVNWB12AF72AAF3A,1,Aquel Que Habia Muerto  Radio Edit,237.11302,0
ARHA3KO1187B99D51F,,-101.95625,MX,Barricada,SOZWUEI12A8C13BE77,1,Barrio Conflictivo,207.04608,1984
AR5S9OB1187B9931E3,,-118.24532,"Los Angeles, CA",Bullet Boys,SOMAPYF12A6D4FEC3E,1,All Day & All Of The Night,156.62975,0
AR0YTWT1187FB3D62F,,-121.89677,"Monterey, CA",Sammy Hagar,SOCCRZP12A8C13A8B4,1,In The Night (Entering The Danger Zone),86.41261,1995
ARS9D4S1187FB376C6,,,,Sanctuary,SOMTRAX12A8C131E86,1,Future Tense,307.22567,0
ARPPHRC1187B99698C,,,,The Extra Glenns,SOCAIVD12A8C1404A6,1,Baltimore,165.69424,2002
ARP07GD1187B9B9DA4,,,,Los Originales De San Juan,SOCMIYJ12A8C1384E3,1,Librado Maldonado,263.6273,0
ARSFKG71187FB3D66F,,,"Laurel Canyon, CA",Crosby_ Stills & Nash,SOALFUO12AF72A4B98,1,Long Time Gone,257.01832,1969
ARFFDZU1187FB50682,,-74.00712,"New York, NY",Alan Silvestri,SOKCFEJ12AB017BE83,1,The Joes Mobilize,504.05832,2009
AR5O86P1187FB3B8CD,,,"Paris, France",Edith Piaf,SOABNBI12A8C13F890,1,Mon légionaire,216.86812,0
AREY11W1187FB36FBD,,-104.99226,Denver CO,STEVE TAYLOR,SOFVDNZ12AB0184B07,1,Bouquet,230.94812,1988
ARWDP431187FB56492,,,,Spinal Tap,SOHOXXV12A6701BEBF,1,The Majesty Of Rock,235.41506,1992
ARP32X81187B99EBF5,,-83.04792,"Detroit, MI",Vanessa Bell Armstrong,SOCUDXX12A58A76EF9,1,Til The Victory's Won,231.54893,0
ARYPRAE1187B9AC4D5,,,,The Real Estate Agents,SORRZAN12AB0188FC1,1,Nicolai,173.94893,0
ARLEABC1187FB41773,,,,Our Daughter's Wedding,SOICRIR12A6BD546E1,1,Lawn Chairs,209.57995,2008
AR074XP1187B9985C5,,,,Hagalaz' Runedance,SOBPGEK12AAA8C5B89,1,Volven,217.5473,2000
ARD3LXU1187B9ABFC5,,,,Sex Pistols,SOAOWLA12A6D4F7DD4,1,New York (Dave Goodman Demo Version) (Explicit),186.40934,0
ARAWQ751187FB36C18,,,"King of Prussia, PA",Bloodhound Gang,SOWBXKQ12A8C131F1C,1,Nightmare At The Apollo,56.52853,1995
ARAW7QF1187B99DF45,,-90.19951,St. Louis MO,Living Things,SOWTWYE12A8C141FD3,1,Oxygen,194.11546,2009
ARX1GUO1187B9B3E77,,-118.24532,California - LA,Greg Dulli,SOBLEOP12A8C139C85,1,Golden Boy,223.97342,2005
AR797241187FB576F0,,-74.12466,"Lyndhurst, NJ",LOU MONTE,SOTEYOM12A58A7C3F5,1,Italian Jingle Bells,133.85098,0
ARK84KY1187FB4599A,,35.36124,Israel,Keren Ann,SONBOGZ12AF72A6386,1,Deux,198.76526,2000
AR9UJCZ1187FB4B690,,,Canada,Alice,SOEWBIJ12A8C13CF8E,1,Tempo Senza Tempo,245.60281,1989
ARXQ2E81187B9B3F3A,,-118.24532,California - LA,Calima,SOQHJUZ12A58A7AD46,1,Lunita,205.60934,2009
ARR6MOS1187B994C51,,,Borlänge,Mando Diao,SOLPSNE12AF72A46B0,1,P.U.S.A.,158.48444,2002
ARUOTD91187B99BF1B,,-123.10776,"Albany, OR",Falling Up,SOCMTTD12A6BD546AC,1,Cascades,206.41914,2005
ARA4P281187FB3AF61,,-1.97406,England,Dif Juz,SOKDXNB12A58A7748C,1,Mi,365.84444,1981
ARAND2D1187FB4CE8C,,-77.43365,"Richmond, VA",Ann Beretta,SOAPSNE12A6D4FD2C3,1,Fallout,203.4673,2003
ARI1KP51187FB473B5,,,,Charlie Dée,SOLGZML12AB018748D,1,Edith And The Kingpin,210.83383,0
ARCQYL51187B9A438E,,,,Mutandina,SOSNZVL12AB017CD61,1,Juego,326.3473,2005
AR1O7ZH1187B9A5621,,,"Omaha, NE",Tilly & The Wall,SOBZFWP12AB018BC78,1,Shake It Out,245.57669,2004
ARNOFM81187B9B7261,,,,Rob 'n' Raz,SOLDCDA12AB01801CA,1,Got To Get,201.27302,1990
ARKV0F21187B98E666,,,,Daniel Landa,SOXYQTA12A58A7CA14,1,Tradice,232.41098,1995
ARQKYZK11F4C83ED84,,,,Black Eyed Snakes,SOKYIHV12AB0185185,1,New Orleans,273.21424,0
ARJXZX41187B9B6A43,,,"Toronto, Ontario, Canada",Dream Warriors,SOLPJQA12A6D4F87A0,1,Sound Clash,262.19057,1996
AR62NHY1187FB4087B,,-118.10557,"San Marino, CA",David Lindley,SOSUZTB12AC90970B1,1,Look So Good (LP Version),92.9171,0
AR7Y5LW1187FB4E38A,,-82.66947,Ohio,Diz,SOPCWWT12AB018140F,1,Pussy's Artwork (Zatox Rmx),422.45179,0
ARV0VRA1187FB5C825,,2.34121,"Paris, France",Louise Attaque,SOWADCU12AB0182356,1,La Plume,235.91138,2000
ARCSTSG12086C15620,,,,Calibre & High Contrast,SOGDDDW12AB0183058,1,Mr Majestic,319.65995,0
ARYEZAP1187FB4856B,,-1.54658,"Leeds, England",Bracken,SOFPEJU12A58A7BACE,1,Many Horses,151.90159,2007
AR4WA5Y1187B9AC434,,,"Chicago, IL",1000 Homo DJs,SOZKAXX12A58A77A57,1,Better Ways (12? Version),322.53342,2004
ARKQW4V1187B9AD20B,,,,Wir Sind Helden,SORHDVT12A8C1394BE,1,Gekommen Um Zu Bleiben (Demo),165.72036,2005
ARZG1QI1187FB399A1,,-122.84848,"Surrey (Whalley), British Columbia, Canada",Gee,SONOYSW12AB0189FD9,1,Go to Afrika,428.56444,0
ARNJ2C31187B9B3239,,1.05448,"Woodchurch, Suffolk, England",Nick Lowe,SOYIXFH12A8C13ABA5,1,So It Goes,152.97261,0
ARL3VGT1187FB40E8E,,-58.37354,Buenos Aires.,Los Fabulosos Cadillacs,SONPKNE12AB0180390,1,Matador,273.78893,1993
ARLKCMN1187FB599FB,,-86.77836,Nashville,Big & Rich (With Gretchen Wilson And Cowboy Troy),SOKSARC12A6D4F85BF,1,Our America (Bonus Track),162.61179,2005
ARX6JP71187B9928F2,,-74.00712,New York,Wayne County & The Electric Chairs,SOFMOIB12AB01825EA,1,Eddie & Sheena (Album),225.09669,0
ARUEAMP1187B99111A,,-75.92381,Maryland,The Bakerton Group,SOYENOV12AB0185BF9,1,The Gigantomakhia,293.11955,2009
ARAJMEI1187B9AD6ED,,-73.94888,"Brooklyn, NY",Meneguar,SOKQAIE12AB01845A4,1,Lynch The Swan Bar,157.57016,2008
ARXR32B1187FB57099,,,,Gob,SOFSOCN12A8C143F5D,1,Face the Ashes,209.60608,2007
ARNV5OQ1187FB531D5,,,,Bandabardò,SOBBHII12AB0184B2C,1,La mauvaise réputation,138.57914,2008
AREFNKX1187B991576,,-74.00712,NY - New York City,Dan Zanes,SOZPZUI12A8C133200,1,The Colorado Trail,72.9073,0
ARR1JFI1187B9B9C38,,,,La Tropa F,SOHRKCW12A6D4F9A17,1,Eso Si Nunca Podras,198.84363,0
ARAZP5N1187B9B4D5D,,,"Austin, TX",Okkervil River,SOUOLYL12A6D4FBD4B,1,A Favor,359.33995,2004
ARB2XMJ1187FB384B9,,,,Jag Panzer,SOCVZCV12AF72A174B,1,Tragedy Of Macbeth,498.25914,2000
ARFUEIB12454A4D22D,,,,SPEEDY J/CHRIS LIEBING,SOVRFUW12A8C133B70,1,Treflon,768.44363,0
ARVK3EQ1187FB458B6,,,,Césaria Evora,SOTSGJP12A8C1390CF,1,Mar Azul,217.52118,1994
ARNWPVR1187FB44572,,,,Jason Becker,SOVXTHZ12AB018B230,1,Life & Death (Album Version),551.65342,0
ARLDW6Z1187FB3F2A0,,-99.13285,"Mexico City, Mexico",Abraham Laboriel,SOIRGRL12AB0186BC2,1,Exchange,368.16934,1995
ARJIE2Y1187B994AB7,,,,Line Renaud,SOUPIRU12A6D4FA1E1,1,Der Kleine Dompfaff,152.92036,0
AR43X651187FB56884,,-111.93742,"Tempe, AZ",Let Go,SOYAHKN12A8C132CE0,1,Almost_ Always Maybe,233.1424,2005
ARL0ECH1187B9B1BC6,,,,Pants Yell!,SOBXQTI12AB0182054,1,Got To Stop,189.75302,2009
AR2AHH11187B99D6D0,,12.66538,NORWAY,Code 64,SOAMCTE12AC3DF6134,1,Go64,279.30077,2006
ARWTFGY1187B992CBA,,-105.27924,"Boulder, CO",The String Cheese Incident,SOXGBUO12AC468B9AF,1,Joyful Sound,388.5971,2001
AR3B0LP1187FB5C41E,,-90.6845,"Widener, AR",Luther Allison,SOCGNYU12A8AE48299,1,Into My Life,216.58077,1996
ARUQQ0X1187B9A08E0,,-98.35131,Puerto Rico US,Yaga_ Mackie,SOTQIGY12AB01892F3,1,Mato por Tu Amor,216.5024,2004
ARV1L7J1187B98DD57,,-122.42005,California - SF,The Gits,SOFJROI12A8C135D1E,1,A Change Is Gonna Come,242.65098,1994
ARC9HYZ1187FB52BC8,,-70.64794,Santiago- Chile,Brain Damage,SOPUNQS12A8C13F689,1,A little walk to nowhere,254.35383,0
ARZ5CQT1187FB4CF24,,-97.74298,"Austin, TX",The American Analog Set,SOGLJTW12AF72A114A,1,Immaculate heart 2,132.362,2005
ARUYFUJ1187FB55430,,108.83178,Russia,Sophie Milman,SORMUQT12AB018A5B4,1,The Man I Love,333.16526,0
ART2SEP1187B9B2E64,,,"Oakland, CA",Raphael Saadiq,SORHMLN12A6D4F6D38,1,Save Us,192.70485,2004
AR0S7TA1187FB4D024,,,,Christina Aguilera,SOSJQKV12A8AE46270,1,Walk Away,347.84608,2002
AR5U94U1187FB5CDCF,,,,John Hammond,SOUUCMM12A8C1362C3,1,Come To Find Out,247.32689,2005
ARNLW7H1187B99EC9D,,,,Trick Trick / Eminem,SOUHRQN12A58A7C12A,1,Welcome 2 Detroit,285.49179,2005
ARBQPXY1187B98D67B,,-97.49553,"Brownsville, TX",Kris Kristofferson,SORLIQE12AF72A3375,1,Road Warrior's Lament,259.68281,0
AR9788H1187B9A05D1,,-75.16237,"Philadelphia, PA",Outerspace,SORCPSR12A8C13E228,1,Drive By Music,200.9073,2006
ARWFTB01187B9B5491,,,,Def Squad / Too Short,SOGHHKS12A6D4F89B0,1,Ride Wit' Us,218.64444,0
ARSHM731187B98D659,,,,Quim Barreiros,SOXVCFU12AB018BE47,1,O meu martelo,154.93179,0
ARPDB5W1187FB430D1,,,,Tall Firs,SOUHYPM12AB01815B3,1,Lookout,185.96526,0
ARYOGF31187FB44E53,,,,New Orleans Klezmer Allstars,SOUMPRK12A8C1336CE,1,A Viennese Freilach,208.24771,0
ARMWIHP1187B98C7D5,,,Florida,Colleen Et Les Boîtes À Musique,SOLWPHG12A8C13C0FC,1,Happiness Nuggets,133.11955,2006
AR7QOOZ1187B98E1BE,,,,The Hives,SOSLRHJ12A8C13BC67,1,Uptempo Venomous Poison,73.06404,1997
ARH3S5S1187FB4F76B,,,"London, England",Nirvana,SOSMWDQ12A6701E981,1,Heart-Shaped Box,281.65179,0
AREG18O1187FB3FDE7,,,,Thee Headcoats,SOKWQWE12AB0186BD1,1,The Day I Beat My Father Up,124.29016,1995
AR1ZZOW1187B99BA84,,-74.72671,New Jersey,Bumblefoot,SOBRBOP12AB018ABA1,1,Abnormal (Acoustic),214.64771,0
ARU3YYC1187FB43FEE,,-58.37354,"Buenos Aires, Argentina",Luis Alberto Spinetta,SOWYXJC12A8C13B81E,1,Verde Bosque,355.29098,1994
ARYBNY51187B9B490F,,,,Ed Rush & Optical,SOLSVGM12A8C144203,1,Magical Thinking,379.24526,2009
ARFPL101187B9A9744,,,,Tristania,SOVKSGM12AB0183D4D,1,The Ravens,306.442,2007
ARQXAUH1187B9BA010,,-88.95535,"Chickasaw County, MS",Glen Campbell And Bobbie Gentry,SOSXYJQ12A6D4FB699,1,Mornin' Glory,183.11791,1968
ARDWZUE12454A2E6B1,,,,Diomedes Diaz;Juancho Rois,SOQKDEG12AB0182613,1,Al Final Del Sendero,258.32444,0
AR2494E1187FB3D818,,-83.82837,"Wilmington, OH",Airscape,SOCDWVU12AB0187059,1,Faith,382.95465,0
AR7QAHN1187FB35F8B,,-80.14356,"FORT LAUDERDALE, Flevoland",Groucho Marx,SOPHMCZ12A81C21C54,1,Selling Jolson A Baseball Team,586.70975,0
ARE815V1187B998A43,,-74.00712,"NEW YORK, New York",T-la Rock,SOGKMGI12AB018B11C,1,Back To Burn,151.61424,2001
AR4MSYI1187FB4B3C5,,-81.54106,Florida,Bola,SOOADFJ12AB0187C05,1,Pfane Pt. 1,227.5522,2004
ARVQ9FE1187FB419A9,,,,Showtek,SOPMEDU12AB0185E9D,1,Brain Crackin',482.0371,2005
ARKH5YF1187B99B50A,,,,Syncopix,SOQEOUB12AB01859E8,1,Mr Resident,340.03546,0
ARJIMPT122BCFC980B,,,,Alex Swings Oscar Sings!,SOFCWZW12A8C143784,1,Boom Boom Goes My Heart,202.29179,2009
